{"psnr": 6.515778064727783, "s_psnr": 31.154386520385742, "L1_distance": 111.92985534667969, "s_L1_distance": 13.740287780761719}