{"psnr": 6.59350061416626, "s_psnr": 30.995473861694336, "L1_distance": 109.87549591064453, "s_L1_distance": 13.492751121520996}