{"psnr": 46.46263122558594, "s_psnr": 52.3992919921875, "L1_distance": 0.6211752891540527, "s_L1_distance": 0.47147318720817566}