{"psnr": 34.91615295410156, "s_psnr": 50.1594352722168, "L1_distance": 2.313645362854004, "s_L1_distance": 0.618705689907074}